{
    "anchorpoints": [],
    "portpins": [
        {
            "name": "1",
            "position": [
                0.0,
                -11.35,
                24.3151283455744
            ],
            "rotation": [
                -1.0,
                -0.0,
                0.0,
                0.0,
                1.0,
                0.0,
                -0.0,
                0.0,
                -1.0
            ]
        },
        {
            "name": "2",
            "position": [
                0.0,
                -11.35,
                -24.3151283455744
            ],
            "rotation": [
                1.0,
                0.0,
                -0.0,
                0.0,
                1.0,
                0.0,
                0.0,
                -0.0,
                1.0
            ]
        }
    ],
    "version": 6
}